model,mean_ann,vol_ann,sharpe,max_drawdown
executive_deep_sets,0.004405938473858451,0.10881609804464486,0.0404897671670858,-0.36782230159631646
