mean_ann,vol_ann,sharpe,max_drawdown
0.016684686307094312,0.1501708003564351,0.11110473053012095,-0.6008624039001703
