model,mean_ann,vol_ann,sharpe,max_drawdown
elastic_net,0.08498278789779311,0.19625807460254577,0.4330154979350376,-0.3485436238130034
lightgbm,0.13188728107506142,0.13508519510128963,0.9763266875853394,-0.2539589244860504
deep_sets_component_proxy_cuda,-0.010288390461373177,0.11667776838133993,-0.08817781316957876,-0.40070664238044384
conditional_autoencoder_sdf_cuda,0.07660546458146969,0.15537530803405783,0.4930349973283914,-0.18926043698453576
