alpha_month,alpha_ann,t_alpha,n_months
0.0020768391589373694,0.024922069907248434,0.8311045319007832,359
